"x","z","y","id","iter"
-0.0532936234451127,-1.42427987276226,-0.901310633883892,"point_0",1
-0.5824041230981,1.06900547062678,1.75152443127508,"point_1",1
-1.8564290793104,0.737833813069328,1.34908417271943,"point_2",1
0.93557366758273,-1.39382576804065,-0.711681358267563,"point_3",1
-1.41192972920103,1.14594726949024,1.48624225503577,"point_4",1
0.826794648711666,0.156119759375053,-0.723918573439784,"point_5",1
0.0757500788849115,0.261718939588216,-0.814236032074046,"point_6",1
-0.343514210798963,1.18009129979612,1.18319921007056,"point_7",1
0.0849106162101398,0.0935303816638933,-0.2473045023819,"point_8",1
-0.10744321319931,-1.42811570975039,-0.871708042399941,"point_0",2
-0.597065019549375,1.04707563059523,1.75061258757685,"point_1",2
-1.90528661707946,0.792153564087867,1.33424041672423,"point_2",2
0.961551661671839,-1.33795590904939,-0.608126501736256,"point_3",2
-1.39767843562642,1.1379031150142,1.48165146348984,"point_4",2
0.906492732570189,0.149015544176054,-0.691282899046967,"point_5",2
0.000871200384315785,0.268255194808268,-0.84678790130184,"point_6",2
-0.325918378548851,1.15244397644535,1.17511305755869,"point_7",2
0.0744965688068775,0.107485275301824,-0.26540872671509,"point_8",2
-0.100763219421728,-1.38121596663231,-0.864812393197586,"point_0",3
-0.606462176470982,1.04077889223635,1.75433665355774,"point_1",3
-1.96359382272496,0.844222567719568,1.32726032240622,"point_2",3
0.984323227274474,-1.31020772791099,-0.54142048774413,"point_3",3
-1.38184361590418,1.12862735446752,1.44648086629055,"point_4",3
1.00897938888998,0.164533491394554,-0.678301012704226,"point_5",3
0.0175602307387217,0.270384892982831,-0.888982108946572,"point_6",3
-0.295440669712259,1.14623551133085,1.17760739977527,"point_7",3
0.062988604128171,0.119988910600128,-0.274380843523683,"point_8",3
-0.0911510780569744,-1.33892192194063,-0.860651588958046,"point_0",4
-0.613155423206254,1.02919339534716,1.75066282739526,"point_1",4
-2.00623384763531,0.877082761693536,1.3200405302244,"point_2",4
0.936561583566407,-1.30078047162359,-0.520024652357161,"point_3",4
-1.37499668470384,1.12090372833941,1.41242046252311,"point_4",4
1.06118320062462,0.162137533020128,-0.63684964220266,"point_5",4
0.0127172156530096,0.286113517920606,-0.913578669369478,"point_6",4
-0.261240482692241,1.12542318234926,1.1660450908457,"point_7",4
0.060889467262201,0.126276727954181,-0.278725238552975,"point_8",4
-0.0937970936525536,-1.34930860786652,-0.817355598278832,"point_0",5
-0.613652064919414,1.01745268419187,1.73889861986861,"point_1",5
-2.03383900458217,0.897365676249001,1.32679320456667,"point_2",5
0.910252014554507,-1.3019339335439,-0.540653224430829,"point_3",5
-1.37364666164958,1.12300728512698,1.40760329185129,"point_4",5
1.06954699990361,0.152866254736913,-0.61058262818511,"point_5",5
0.0296768701328629,0.287524644833361,-0.921646281962761,"point_6",5
-0.264294051909337,1.10557157356417,1.14248064334856,"point_7",5
0.0327273009454077,0.145256885326826,-0.289958872285997,"point_8",5
-0.134503674203764,-1.34882522940774,-0.801617873573018,"point_0",6
-0.611803441667382,1.00303594781059,1.72193465857501,"point_1",6
-2.06805983071264,0.930785239356702,1.34215317010892,"point_2",6
0.86927177184281,-1.30772354486642,-0.555298851690164,"point_3",6
-1.36572051365402,1.11705896768626,1.40931692553884,"point_4",6
1.11624863091242,0.160575625973501,-0.61016086316588,"point_5",6
0.0336146222783733,0.294558153993668,-0.932569911882177,"point_6",6
-0.285693696925988,1.08409050743124,1.11666273089439,"point_7",6
0.022561291828949,0.150045919916734,-0.298318529531237,"point_8",6
-0.114307457556321,-1.35358895581845,-0.77899023182388,"point_0",7
-0.617646618061178,0.980613111207873,1.70883914679638,"point_1",7
-2.10249185528529,0.957177691593237,1.35110761957256,"point_2",7
0.834094707335049,-1.28967618483395,-0.551799985298223,"point_3",7
-1.36933226535524,1.10943456894696,1.40965008010168,"point_4",7
1.12756079859154,0.156851550299486,-0.621080111260787,"point_5",7
0.0170025646114615,0.314355186720372,-0.912570654515715,"point_6",7
-0.291436484698375,1.07792649859091,1.11784292302303,"point_7",7
0.0273786186630889,0.149027096656969,-0.304168816042407,"point_8",7
-0.147751675388181,-1.31943957921221,-0.8004074069353,"point_0",8
-0.621443946167375,0.974943411526763,1.70433894470906,"point_1",8
-2.12826059532965,0.978529820423709,1.3513044291303,"point_2",8
0.842945135463273,-1.30250401925994,-0.543880758188331,"point_3",8
-1.36373571620514,1.1098780568429,1.41160199382998,"point_4",8
1.1064662198179,0.167148559089351,-0.612805737406936,"point_5",8
0.0119374920915316,0.324394114940993,-0.906206491629698,"point_6",8
-0.322908075982505,1.07716506056639,1.12221269354917,"point_7",8
0.0263610281799928,0.149681204712193,-0.310194479040444,"point_8",8
-0.140444703521484,-1.31787274010891,-0.801367961926396,"point_0",9
-0.623036500887225,0.963043170712394,1.69509838786584,"point_1",9
-2.13445359814249,0.992308227732893,1.34964023230256,"point_2",9
0.851547177317661,-1.29162748811101,-0.554526998478239,"point_3",9
-1.38510682198735,1.10972179029801,1.42204002654719,"point_4",9
1.13919763961826,0.18554531559288,-0.648876637434584,"point_5",9
0.0218044462440517,0.313130708847723,-0.912720973927547,"point_6",9
-0.29964838533778,1.0822678604108,1.1285844741462,"point_7",9
0.0331127155531437,0.148154248683799,-0.315823978484413,"point_8",9
-0.123958052020325,-1.31688770077243,-0.78112223410511,"point_0",10
-0.620320239040179,0.956133360490638,1.68023155724688,"point_1",10
-2.14117620074714,1.00007113885429,1.3561903179427,"point_2",10
0.864434713008703,-1.28710169873618,-0.548573389863122,"point_3",10
-1.38844667415046,1.10146147169809,1.42579959972045,"point_4",10
1.15164570033347,0.202664995518087,-0.652652210042289,"point_5",10
0.099055857834303,0.269021013075064,-0.948268959283231,"point_6",10
-0.304061096231892,1.08313261103045,1.1194836784162,"point_7",10
-0.0235193331193447,0.189091815666103,-0.375296310853005,"point_8",10
-0.116383812156301,-1.30179509913405,-0.766127201696791,"point_0",11
-0.623692457402222,0.957522416679828,1.68279760043019,"point_1",11
-2.14715574663651,1.00997103660497,1.35418115896794,"point_2",11
0.863268358559367,-1.2888919253074,-0.557344967921345,"point_3",11
-1.40275983205197,1.10666486164566,1.44217402878043,"point_4",11
1.1395651087149,0.195312518789094,-0.653119143935761,"point_5",11
0.0987603246086546,0.267652082096643,-0.953592211185106,"point_6",11
-0.288649861657625,1.07836309919949,1.1159945377616,"point_7",11
-0.0185104908400808,0.190040945608852,-0.37877620055023,"point_8",11
-0.13108392716653,-1.30813802265894,-0.755208766359094,"point_0",12
-0.623458533227323,0.963253578466099,1.68477927815684,"point_1",12
-2.14940847120486,1.01249834897727,1.35219078901195,"point_2",12
0.876340792708234,-1.27883745409142,-0.536189629322537,"point_3",12
-1.41343450705164,1.10829198379468,1.44719298436781,"point_4",12
1.15827829841322,0.200306033374144,-0.664523590168006,"point_5",12
0.097495085322078,0.251684584455286,-0.954070683051082,"point_6",12
-0.274964066109231,1.07121266162844,1.12479186115725,"point_7",12
-0.0344598032511491,0.200985874714556,-0.385099872166712,"point_8",12
-0.128291508106755,-1.3008025411568,-0.756141572829698,"point_0",13
-0.625962722880991,0.963412826900357,1.68634928275724,"point_1",13
-2.15532143781185,1.01932494520797,1.35257196299071,"point_2",13
0.924091334505004,-1.27055101952395,-0.506358153088309,"point_3",13
-1.40775489702898,1.10573607404398,1.44768574664646,"point_4",13
1.16631289948652,0.188271541221515,-0.653664388442607,"point_5",13
0.0810486205806916,0.253192183067455,-0.962640726682089,"point_6",13
-0.267832414761104,1.07567650056612,1.12915007879293,"point_7",13
-0.0304331511919402,0.198317053328621,-0.386744455990188,"point_8",13
-0.117777772180318,-1.2947911361323,-0.745648916306978,"point_0",14
-0.628197385068966,0.970735894299532,1.6931845523198,"point_1",14
-2.15967847031951,1.02637433584237,1.35279772231275,"point_2",14
0.925758091762208,-1.29253714876685,-0.540388497829593,"point_3",14
-1.40675533736268,1.1059120182669,1.45001464233463,"point_4",14
1.20343926261965,0.193027954519719,-0.661758288292063,"point_5",14
0.0937270049386509,0.261195686178035,-0.969042569310427,"point_6",14
-0.255356662028695,1.09018690914063,1.12892917343401,"point_7",14
-0.0304545969767225,0.196958850866495,-0.388027998813305,"point_8",14
-0.105012270976786,-1.29597045208456,-0.746941489962471,"point_0",15
-0.62520169637358,0.963290271416072,1.68470853753487,"point_1",15
-2.15323755144906,1.02020047691547,1.3505994471011,"point_2",15
0.928303888330014,-1.31040022257542,-0.522781601099683,"point_3",15
-1.39767271716198,1.0996493500296,1.43640302516144,"point_4",15
1.21976405485862,0.196834108073,-0.676953254117236,"point_5",15
0.0714100532081807,0.273538536011084,-0.96458625730776,"point_6",15
-0.261611514767491,1.08487146917782,1.13380118230734,"point_7",15
-0.0319530617103467,0.196787439314463,-0.392892184016188,"point_8",15
-0.0975638670257395,-1.31249101714668,-0.723501948859041,"point_0",16
-0.625929733469775,0.968833501538528,1.68712799574989,"point_1",16
-2.15939342244799,1.0242332664709,1.34885192466143,"point_2",16
0.930518028575918,-1.30188245411636,-0.50524544118556,"point_3",16
-1.37662409943329,1.09275880937728,1.43238411222669,"point_4",16
1.2491821096592,0.202544573046253,-0.677950154043656,"point_5",16
0.0870043293213613,0.274524033819819,-0.964939066123849,"point_6",16
-0.255077937395381,1.08446080123337,1.13860521516581,"point_7",16
-0.036331379982497,0.19946937512425,-0.391446633392985,"point_8",16
-0.0718704998481282,-1.31176128541181,-0.69324104176863,"point_0",17
-0.624819086418437,0.973259271030011,1.68947004449238,"point_1",17
-2.15783226044238,1.02544707348246,1.34512461900393,"point_2",17
0.941611301064085,-1.29726736638718,-0.513663250617992,"point_3",17
-1.37239298497797,1.10422234379005,1.43381549190553,"point_4",17
1.28742380012548,0.21254373899209,-0.681253203498402,"point_5",17
0.130503786777202,0.278222149599178,-0.961033027650315,"point_6",17
-0.216818790110382,1.0790164334315,1.13921522069852,"point_7",17
-0.0272276181044764,0.196054253250612,-0.389177371515401,"point_8",17
-0.0640531102620497,-1.31742290280521,-0.682362049825814,"point_0",18
-0.619397612996903,0.969757348867736,1.68242155754431,"point_1",18
-2.15380045395292,1.02139394476682,1.34802352983222,"point_2",18
0.92605393561095,-1.31493653048503,-0.549363890961279,"point_3",18
-1.37792353229723,1.10385582253651,1.43473942058135,"point_4",18
1.3084244081873,0.22327830103719,-0.667259161969994,"point_5",18
0.133691725041265,0.291564091073151,-0.948294767522967,"point_6",18
-0.226519961073989,1.07430683932457,1.12179551404308,"point_7",18
-0.0265251129703403,0.199003153323507,-0.393682765367629,"point_8",18
-0.0630373679829322,-1.31920414670095,-0.6795243349802,"point_0",19
-0.617179106171327,0.970342899326756,1.68172327106159,"point_1",19
-2.15152618700159,1.02351027607398,1.340128072371,"point_2",19
0.943830857133815,-1.30045853159666,-0.54949284478448,"point_3",19
-1.3765694775843,1.10102217717693,1.4233725052801,"point_4",19
1.30266965452101,0.228094901207147,-0.658187232594465,"point_5",19
0.126092741416621,0.302532336520625,-0.946238036575487,"point_6",19
-0.254367769465119,1.06532848563194,1.09963266520497,"point_7",19
-0.0265965884935105,0.198685612049258,-0.386030851307397,"point_8",19
-0.110795135460591,-1.32182214870377,-0.685805978440519,"point_0",20
-0.616831890355063,0.96410535507827,1.673913864554,"point_1",20
-2.16037614967236,1.02795460275497,1.3421895533629,"point_2",20
0.926014792672484,-1.2925165145727,-0.547021434619219,"point_3",20
-1.37404269094993,1.11405783837001,1.42990451845074,"point_4",20
1.28909585389379,0.227791899912271,-0.656001791821391,"point_5",20
0.109631153989795,0.309255639993161,-0.938405022357089,"point_6",20
-0.256524283028238,1.07063922031422,1.10084119224263,"point_7",20
-0.0262313637094881,0.203346742944192,-0.375998155612906,"point_8",20
-0.116405331028825,-1.32141880715654,-0.678558910958877,"point_0",21
-0.613949622753021,0.962617985401196,1.67001513045966,"point_1",21
-2.16157163784322,1.03436117783424,1.33781818746115,"point_2",21
0.944201411604228,-1.28409271135727,-0.52676259730335,"point_3",21
-1.36983816019966,1.12827562225418,1.43404851717883,"point_4",21
1.27026115204536,0.213347064356608,-0.666569914292888,"point_5",21
0.107059758037914,0.294003129688887,-0.926540182956701,"point_6",21
-0.273812277972035,1.07942330560049,1.10162336491415,"point_7",21
-0.0290831525663596,0.203880828989854,-0.376660446464034,"point_8",21
-0.0298977368709681,-1.34458786908285,-0.632554836034424,"point_0",22
-0.611059128101923,0.954023758415697,1.65820898542015,"point_1",22
-2.17178119210172,1.04358324946797,1.34370374580795,"point_2",22
1.01884688948451,-1.27118722414408,-0.539772333438676,"point_3",22
-1.37235948358939,1.11995383420716,1.42570500035984,"point_4",22
1.2610592512566,0.204430129349321,-0.669146262797899,"point_5",22
0.104397246720571,0.289552001237535,-0.925774297540224,"point_6",22
-0.293398210751425,1.07586026022674,1.09996821576542,"point_7",22
-0.0395428386878136,0.208709285451008,-0.371064341278813,"point_8",22
-0.00811775972963464,-1.36617040197136,-0.607417270827756,"point_0",23
-0.608242173161354,0.959747394247332,1.65973558627054,"point_1",23
-2.16668278408284,1.03993086455568,1.33668860849527,"point_2",23
1.06227486538261,-1.24148565323646,-0.519480468258023,"point_3",23
-1.36113781162457,1.1102613807439,1.42010382916327,"point_4",23
1.25007735575388,0.198770978483201,-0.671248530351202,"point_5",23
0.0918822185398766,0.280745442609552,-0.915563192012596,"point_6",23
-0.273417624414247,1.08468105995655,1.09770754926374,"point_7",23
-0.0479740977892432,0.21654406817456,-0.367708368115553,"point_8",23
-0.00713897636488365,-1.37605171820143,-0.61815160651815,"point_0",24
-0.60647936815347,0.960611961771342,1.65848635960175,"point_1",24
-2.17137086132935,1.04208288097004,1.33670519131841,"point_2",24
1.05531468785139,-1.22799635799267,-0.511694452026487,"point_3",24
-1.35759723455915,1.10614179126653,1.40960507093483,"point_4",24
1.26785572916891,0.20277868168496,-0.681018399944839,"point_5",24
0.089972177126856,0.273256397183064,-0.90829507623209,"point_6",24
-0.304745712670021,1.09280557172445,1.09546467874261,"point_7",24
-0.0559661058817423,0.220850743179315,-0.364426969059218,"point_8",24
-0.00364247032193254,-1.38337424052495,-0.625433273692332,"point_0",25
-0.60219659340943,0.95939007443313,1.65172493885928,"point_1",25
-2.17233178039948,1.04313163882748,1.34235514999958,"point_2",25
1.05965510874854,-1.23272863056428,-0.518099668779538,"point_3",25
-1.35831585984049,1.09363677771301,1.40218875777127,"point_4",25
1.26754236404893,0.199801899891397,-0.679785199778492,"point_5",25
0.0826478874785921,0.264004283219702,-0.901217953781738,"point_6",25
-0.323256773066411,1.09633069222674,1.10446772490033,"point_7",25
-0.0446490337401679,0.212639781740306,-0.361937632608312,"point_8",25
0.031714359725673,-1.38010148916709,-0.618061614035621,"point_0",26
-0.603934617057538,0.964397250033776,1.65920555924101,"point_1",26
-2.17633392458456,1.04650730644956,1.34411649365145,"point_2",26
1.04771719247848,-1.24122233767435,-0.529287355332461,"point_3",26
-1.35165868264091,1.08865596277225,1.39921179201056,"point_4",26
1.23906669683951,0.199059989055087,-0.672719763630484,"point_5",26
0.0901559627326058,0.266457973263716,-0.909734736973326,"point_6",26
-0.280081439948314,1.09537077333948,1.1164426102657,"point_7",26
-0.051206363448248,0.217800232811557,-0.361114098496094,"point_8",26
0.0322340189857583,-1.3774652528374,-0.627653805030378,"point_0",27
-0.598607861183052,0.962158182264231,1.65192591228101,"point_1",27
-2.17953459347885,1.04937648205377,1.3484410359295,"point_2",27
1.03131437362341,-1.24885108050847,-0.549571685778768,"point_3",27
-1.34861645420911,1.08869396783992,1.40023888054288,"point_4",27
1.234592877669,0.203526496859797,-0.677055243107932,"point_5",27
0.0992189288984859,0.263262251638997,-0.92245825685827,"point_6",27
-0.298904268614898,1.096575285054,1.12807861646647,"point_7",27
-0.0476968701080574,0.214300101225621,-0.359679713305366,"point_8",27
0.0393653185861915,-1.36964718897038,-0.639828088266448,"point_0",28
-0.598983798521849,0.954903822243912,1.64510026145049,"point_1",28
-2.17709516758647,1.04511437497759,1.34541054230652,"point_2",28
1.03000482130391,-1.25292019008021,-0.545137243503541,"point_3",28
-1.36453980071861,1.08412673780454,1.40838443170375,"point_4",28
1.20451367242624,0.193463270815624,-0.655834229085274,"point_5",28
0.0790173851345975,0.254060378834729,-0.928427719030107,"point_6",28
-0.285391661588892,1.09707584834182,1.12510670300489,"point_7",28
-0.0489852458502258,0.215819016164122,-0.357048696088731,"point_8",28
0.064002539042042,-1.37499376365248,-0.635903579222588,"point_0",29
-0.600382372898793,0.947229254703146,1.64022122564336,"point_1",29
-2.17531641505467,1.03755934496387,1.34603425077698,"point_2",29
1.03517816151479,-1.25375866181237,-0.567912735913171,"point_3",29
-1.37223883340681,1.07883856092946,1.40022304158496,"point_4",29
1.37480747859015,0.254215980683683,-0.668584043875496,"point_5",29
0.383775452476789,0.133508056077127,-0.873375412147843,"point_6",29
-0.294785163431516,1.10330709282528,1.1305765148803,"point_7",29
-0.127361292070486,0.283685567663066,-0.58731237933163,"point_8",29
0.0573438045557504,-1.37728181999849,-0.638033316966472,"point_0",30
-0.603028619949555,0.939739435641284,1.63893336998912,"point_1",30
-2.17653892188888,1.03693032110385,1.35563062659589,"point_2",30
1.01564001212123,-1.25325854171218,-0.554537748110585,"point_3",30
-1.37240626999407,1.0738122872578,1.4138504358359,"point_4",30
1.3680105458278,0.256292852301704,-0.651128954552162,"point_5",30
0.410946878924384,0.123050158446198,-0.863239467781216,"point_6",30
-0.277974181047051,1.09909746352862,1.11575236512811,"point_7",30
-0.118418450205151,0.273013837757202,-0.612723406987583,"point_8",30
0.0618601843334057,-1.37206587129138,-0.645006766254399,"point_0",31
-0.607988330155129,0.936075275597888,1.63924304281068,"point_1",31
-2.19078073956255,1.04560186129816,1.36736083263393,"point_2",31
1.02569487766292,-1.24889676571447,-0.570093423289654,"point_3",31
-1.37051472639249,1.07555267450178,1.41595822869532,"point_4",31
1.42487192477962,0.269039824906442,-0.67967660697577,"point_5",31
0.470413541303817,0.122127323227489,-0.830576695014625,"point_6",31
-0.290542095044501,1.09134555809347,1.12136035497891,"point_7",31
-0.115967661016869,0.267361641225049,-0.670045088420145,"point_8",31
0.0680921206403391,-1.3743719818676,-0.640422068284198,"point_0",32
-0.607337426005734,0.935730465981072,1.63784297065706,"point_1",32
-2.2018588850965,1.04736155889811,1.37319693438729,"point_2",32
1.03382721007,-1.22678325776959,-0.537178643446379,"point_3",32
-1.38889019172659,1.08452237609166,1.41465899770378,"point_4",32
1.44146772045504,0.270093456053235,-0.680559683641945,"point_5",32
0.479339936455548,0.116041270707669,-0.835695822094754,"point_6",32
-0.310231060134928,1.08650195204348,1.11131934468728,"point_7",32
-0.111419458133609,0.259917419723274,-0.660818213736676,"point_8",32
0.076190845119197,-1.38280708399962,-0.619892163170056,"point_0",33
-0.607336349425342,0.931852340223672,1.62683757067483,"point_1",33
-2.20328187627079,1.04822875425867,1.37498365324807,"point_2",33
1.02850127047093,-1.22889721337396,-0.545350465055612,"point_3",33
-1.38295336839737,1.08747029557624,1.41211721384543,"point_4",33
1.45296398480856,0.27391509336349,-0.68307724988545,"point_5",33
0.499240552449927,0.115682127272726,-0.826849520451124,"point_6",33
-0.324044595783185,1.0848503755978,1.10305571891826,"point_7",33
-0.122160982058961,0.265629229740734,-0.650995807919598,"point_8",33
0.110599242517713,-1.38771202715147,-0.62985325816976,"point_0",34
-0.608125310945471,0.931198826403439,1.62686622018723,"point_1",34
-2.20148004058121,1.04695695382988,1.37845476858549,"point_2",34
1.04844577640772,-1.23565612371323,-0.538038252481836,"point_3",34
-1.39064498699476,1.08700667356239,1.41250390315543,"point_4",34
1.461605684535,0.272137347766642,-0.68919469729726,"point_5",34
0.506331818875242,0.122557588266451,-0.819139006717381,"point_6",34
-0.319914776176256,1.08691304008174,1.09561351710887,"point_7",34
-0.115500496426623,0.261338264794069,-0.670578465440205,"point_8",34
0.0966006002295005,-1.38761699362081,-0.65622409694588,"point_0",35
-0.612198249398607,0.932981799621499,1.63336346261629,"point_1",35
-2.199572054516,1.04075723481627,1.37397824191612,"point_2",35
1.06325981289456,-1.24536323099341,-0.540594124718931,"point_3",35
-1.39277380884938,1.09634292832374,1.4146527301976,"point_4",35
1.4798478323332,0.269080205047362,-0.674681053259772,"point_5",35
0.494968501920117,0.11984365733012,-0.833330490610332,"point_6",35
-0.3118222273672,1.08704269023542,1.08823637510996,"point_7",35
-0.116881273629306,0.268699299975983,-0.679219137265757,"point_8",35
0.086481326424607,-1.38555994799545,-0.655233820870629,"point_0",36
-0.612607326349255,0.933099181453476,1.63270187468941,"point_1",36
-2.20130544677589,1.04230872727713,1.37956148525708,"point_2",36
1.05713438406157,-1.24841036833195,-0.532346420152029,"point_3",36
-1.40487207416497,1.10786813289918,1.42201334372335,"point_4",36
1.51971717385848,0.268516144743085,-0.684267906887311,"point_5",36
0.525614087791145,0.135709737623479,-0.818973761149993,"point_6",36
-0.302657711447637,1.08864707460135,1.08055577628061,"point_7",36
-0.103322853608046,0.261799926131113,-0.676398716312806,"point_8",36
0.064811735476041,-1.40091741824845,-0.658889156646518,"point_0",37
-0.606225769445686,0.943043061440873,1.63587511434526,"point_1",37
-2.20642109285528,1.05350222012063,1.38760239890469,"point_2",37
1.06638059783513,-1.23169491893307,-0.520797893825176,"point_3",37
-1.4055103379429,1.10508563394386,1.41072341799895,"point_4",37
1.52535460769033,0.26634724441481,-0.679761767153412,"point_5",37
0.52987190762206,0.141508208738994,-0.820094962555816,"point_6",37
-0.291853290850992,1.0878068679769,1.0853250616985,"point_7",37
-0.10874879571311,0.265196098427119,-0.667435245646286,"point_8",37
0.0427696904138802,-1.41646210337628,-0.654492802456538,"point_0",38
-0.602864222050687,0.941165604482393,1.62875640708801,"point_1",38
-2.20613921779864,1.0542200378002,1.38791223049961,"point_2",38
1.05553614760009,-1.23248556050941,-0.526215941024101,"point_3",38
-1.4158979320775,1.10353625958672,1.4230538932866,"point_4",38
1.54338747427659,0.25483962357437,-0.684930749871607,"point_5",38
0.534754976874441,0.158363975053047,-0.816848563601134,"point_6",38
-0.303757535365576,1.08810674926042,1.0854182602735,"point_7",38
-0.113905962483012,0.265514296040996,-0.673632652384961,"point_8",38
0.0486412563156435,-1.42723869360803,-0.652449183931664,"point_0",39
-0.602457434544474,0.93215415502796,1.59248004353704,"point_1",39
-2.2116648695117,1.06176861968129,1.39545288421886,"point_2",39
1.05620271988973,-1.23399931245487,-0.523319222336695,"point_3",39
-1.42415175078216,1.10893663626453,1.42743545017779,"point_4",39
1.54338555031009,0.257285051905423,-0.685504991257481,"point_5",39
0.537362928279732,0.169391395445742,-0.821078184376328,"point_6",39
-0.301490063286943,1.1095896595813,1.06127098112333,"point_7",39
-0.114986643814474,0.265180491627404,-0.684289305443019,"point_8",39
0.0365585467895966,-1.40978873603692,-0.673276100685831,"point_0",40
-0.612865183074271,0.936749271528968,1.59101812101658,"point_1",40
-2.22382236042728,1.07468576997344,1.40059186940841,"point_2",40
1.07630953308815,-1.24898572413126,-0.520775999458037,"point_3",40
-1.43037240772774,1.10980070413138,1.42672877438603,"point_4",40
1.54649483794133,0.258680203635383,-0.680228255868267,"point_5",40
0.535784932168247,0.169417409414081,-0.822953718028317,"point_6",40
-0.301771757739914,1.11223533979488,1.0541419772236,"point_7",40
-0.115900483024583,0.268803321323156,-0.710445582520405,"point_8",40
0.0099287056398153,-1.38554066767729,-0.666835157606117,"point_0",41
-0.610425666989079,0.924989048842278,1.57442809496875,"point_1",41
-2.2292781901795,1.07211806613857,1.39715865277008,"point_2",41
1.07096349358261,-1.24936274067509,-0.525479389890156,"point_3",41
-1.4223657423994,1.12173240199384,1.43078553252934,"point_4",41
1.53784724902121,0.255113677813719,-0.669618023116722,"point_5",41
0.542695840416758,0.169537002687418,-0.810860513712564,"point_6",41
-0.297643256403934,1.11714882902952,1.05204622862566,"point_7",41
-0.117399946756493,0.271454659691936,-0.724207724109009,"point_8",41
0.00951128439076142,-1.37778065691891,-0.656982962162151,"point_0",42
-0.609272412018878,0.928959040990153,1.5802564246265,"point_1",42
-2.21780146663234,1.06178716078861,1.39111150266544,"point_2",42
1.06235219082471,-1.23917527846675,-0.51174332863813,"point_3",42
-1.41777306127099,1.12374212347173,1.42479245651031,"point_4",42
1.53654926342772,0.259330457897236,-0.674701439320253,"point_5",42
0.541815732869467,0.165442495774327,-0.810739715269647,"point_6",42
-0.304973443013848,1.11406313687592,1.05492145964381,"point_7",42
-0.112002958680281,0.26809247488324,-0.707202651434195,"point_8",42
0.00679296346649942,-1.35957046237451,-0.666451399429078,"point_0",43
-0.61455062965638,0.939133137947112,1.58692260022997,"point_1",43
-2.21622471345137,1.06044052581582,1.38578993626806,"point_2",43
1.10629216496913,-1.22847472388979,-0.509208887962096,"point_3",43
-1.41549783207341,1.12840323810107,1.43333755849608,"point_4",43
1.53836183533928,0.258468165221845,-0.685300027260647,"point_5",43
0.540832628528457,0.176288454297244,-0.822090186194161,"point_6",43
-0.280628457466776,1.11039207725019,1.04956395262635,"point_7",43
-0.102444198021165,0.26631304472291,-0.706773014760761,"point_8",43
-0.0189699110957602,-1.34854845945137,-0.687167611799009,"point_0",44
-0.614162072201291,0.926591767217089,1.57509477883163,"point_1",44
-2.20761281432797,1.05364697670945,1.37672758149159,"point_2",44
1.11569550554308,-1.21988435300554,-0.497205620317954,"point_3",44
-1.42294524498987,1.13784062608079,1.44151188018506,"point_4",44
1.53240722891709,0.254233879926661,-0.678190872313297,"point_5",44
0.548190064275071,0.171741897053453,-0.820708462485375,"point_6",44
-0.286669665129928,1.11169625336033,1.05778214181019,"point_7",44
-0.0893000430643958,0.26646945387282,-0.700501758449812,"point_8",44
-0.0139811769596684,-1.35022372452577,-0.677747297875617,"point_0",45
-0.619133118697527,0.929839217703378,1.56941580830582,"point_1",45
-2.21501383445739,1.06315425426104,1.38479029636448,"point_2",45
1.0962880447945,-1.23327543095133,-0.535928273610139,"point_3",45
-1.43210684634368,1.1360836191221,1.4337744627267,"point_4",45
1.53630580300224,0.250459154095921,-0.674343650652079,"point_5",45
0.541825638313948,0.184647280518893,-0.832689601623735,"point_6",45
-0.284077237792857,1.10194068853619,1.05146404140126,"point_7",45
-0.0995904557795773,0.272304983101961,-0.696410431938123,"point_8",45
0.029853746454451,-1.34881257953097,-0.677617321144092,"point_0",46
-0.649027708333231,0.933977000272549,1.52584173885181,"point_1",46
-2.22068478785406,1.06260922217259,1.3819171875263,"point_2",46
1.09739864536637,-1.24665835324814,-0.541077235167096,"point_3",46
-1.45090905905286,1.14533696415838,1.43753867978001,"point_4",46
1.54387502673876,0.258033572391959,-0.687569103730907,"point_5",46
0.547845080981441,0.172706022384304,-0.823483334743134,"point_6",46
-0.265802419221569,1.11940444221475,1.0536205296004,"point_7",46
-0.113808725093125,0.281961258217821,-0.677840382748562,"point_8",46
0.0181090290310199,-1.32891714584425,-0.671828193113148,"point_0",47
-0.651509854157878,0.924638812274048,1.50972859532495,"point_1",47
-2.22957670931674,1.06975080731938,1.39974990478773,"point_2",47
1.09180015135785,-1.25078194520082,-0.534179921593823,"point_3",47
-1.46239094121761,1.15191338115925,1.43068401375436,"point_4",47
1.54185033354315,0.256454442515187,-0.680543086407145,"point_5",47
0.556550392170467,0.1688955120476,-0.816956443756852,"point_6",47
-0.23676499332027,1.11865247577304,1.05781810750546,"point_7",47
-0.111408830326683,0.28138971158456,-0.662321505587997,"point_8",47
0.0407263284224342,-1.3507685338094,-0.645606654627774,"point_0",48
-0.656219319418167,0.930644516524035,1.51637651256992,"point_1",48
-2.23301875777809,1.07508218310049,1.40405554622363,"point_2",48
1.07671916416111,-1.2658915721306,-0.528523574373224,"point_3",48
-1.45990804383905,1.14776783351324,1.4211264858046,"point_4",48
1.54904868274056,0.25671086960815,-0.67950724667095,"point_5",48
0.549309559860303,0.175627647351163,-0.818641546300469,"point_6",48
-0.240180402988864,1.11187714224412,1.03699788205055,"point_7",48
-0.111357901405235,0.286629570015387,-0.657357699646535,"point_8",48
0.0731251932676232,-1.36338071095278,-0.630213649880436,"point_0",49
-0.657393925117995,0.938871087409658,1.51490229744761,"point_1",49
-2.2533495414948,1.07700116699476,1.41523929025312,"point_2",49
1.06222126225009,-1.24828408083778,-0.524515187122441,"point_3",49
-1.4807685661836,1.13604484406437,1.40201171382905,"point_4",49
1.54813339168039,0.253722110512065,-0.661016987804783,"point_5",49
0.545861681850294,0.172286130447922,-0.820413362570301,"point_6",49
-0.233407607871813,1.11267359319815,1.04438312834364,"point_7",49
-0.10700269246918,0.289804020301639,-0.661252213017289,"point_8",49
0.092747081004254,-1.37490137919932,-0.624958813736498,"point_0",50
-0.655920926640342,0.935645025546611,1.50332917898837,"point_1",50
-2.25822670428079,1.07578725060242,1.42323467851913,"point_2",50
1.08378086960713,-1.24570284361524,-0.520087548845635,"point_3",50
-1.4813011045204,1.12750441628377,1.39864506608431,"point_4",50
1.54057633689726,0.253450442537154,-0.654552194146102,"point_5",50
0.5394657976735,0.190215038512345,-0.826696853700061,"point_6",50
-0.238781167938014,1.11408251366192,1.04926755423508,"point_7",50
-0.106013962990592,0.298753715054537,-0.67325585276866,"point_8",50
0.071230509614299,-1.37438789234095,-0.633690418578941,"point_0",51
-0.66231836632591,0.93090072611564,1.49782450182205,"point_1",51
-2.25977256379466,1.07632639167908,1.42495923783276,"point_2",51
1.09757621698767,-1.22977059808984,-0.520328619681739,"point_3",51
-1.47987086507633,1.13268080235498,1.407994487704,"point_4",51
1.54448841660293,0.259751165217167,-0.66955836316478,"point_5",51
0.550784410533914,0.183284399204593,-0.820364182658964,"point_6",51
-0.219191667278985,1.11324248124351,1.0549581529262,"point_7",51
-0.115185949995793,0.299287273262264,-0.684865942714109,"point_8",51
0.0746960105003207,-1.35972879982804,-0.653327149232546,"point_0",52
-0.671489898149592,0.923636177265792,1.4882903234877,"point_1",52
-2.26489106790379,1.07356672237159,1.43167036831293,"point_2",52
1.09956408760233,-1.22301301147599,-0.512695078487377,"point_3",52
-1.48628651781781,1.13514506864975,1.40610563100329,"point_4",52
1.54603184762441,0.259250438495366,-0.651962500179452,"point_5",52
0.557489618992091,0.173802219313177,-0.819312989814175,"point_6",52
-0.203832162119993,1.11624766495151,1.07471278063549,"point_7",52
-0.109154758652125,0.29364810116116,-0.701755954803602,"point_8",52
0.0928761957171848,-1.3678665364092,-0.655227402655741,"point_0",53
-0.668211568989688,0.924459879468846,1.48254282522069,"point_1",53
-2.27363995250627,1.08519481561942,1.43507531421558,"point_2",53
1.0981916393923,-1.21535241965585,-0.513710217753955,"point_3",53
-1.47281505001634,1.14183032824224,1.42284743641691,"point_4",53
1.55730596884691,0.263062393653983,-0.667572288686729,"point_5",53
0.557692970436212,0.15456883909915,-0.810478997522842,"point_6",53
-0.213927913566227,1.11603403314459,1.08442737898413,"point_7",53
-0.108745035119205,0.293476433370367,-0.705719145061201,"point_8",53
0.115322799092694,-1.35126725788642,-0.662193362173939,"point_0",54
-0.66693859707722,0.922658481460698,1.47388539876057,"point_1",54
-2.27264856724353,1.08112052928503,1.43336442290484,"point_2",54
1.09552981861677,-1.19308917742249,-0.515138804338046,"point_3",54
-1.4694411292897,1.141903141364,1.4286575130269,"point_4",54
1.54587893166414,0.259708935341208,-0.666559311658107,"point_5",54
0.559913499314112,0.156686010174675,-0.808310034239698,"point_6",54
-0.217904410849202,1.11226599094706,1.0931876248413,"point_7",54
-0.113008571343309,0.29815661079381,-0.719959378347104,"point_8",54
0.0844683586430305,-1.35433853659484,-0.665682651321928,"point_0",55
-0.677190432130606,0.922620776904178,1.4615860681442,"point_1",55
-2.27501050747366,1.08115363270972,1.43236245433401,"point_2",55
1.11291109692325,-1.20039910939036,-0.504981533549388,"point_3",55
-1.47478869316425,1.14421407774141,1.42750675148636,"point_4",55
1.54262050411597,0.257075596092614,-0.670869885702587,"point_5",55
0.57038160166207,0.160444058088821,-0.805223572396939,"point_6",55
-0.210621704875253,1.11550912105321,1.09905766963178,"point_7",55
-0.115372415971627,0.298475732407833,-0.72190588677617,"point_8",55
0.0991231441822829,-1.33416508330893,-0.678421972883045,"point_0",56
-0.672318884844183,0.91632159484613,1.456949969604,"point_1",56
-2.27321240160631,1.07583986964218,1.42943207191696,"point_2",56
1.12838367594959,-1.2219492928461,-0.508203565190638,"point_3",56
-1.46985024219214,1.13352392625586,1.41811418698665,"point_4",56
1.53816719183609,0.258599805730209,-0.667569569420628,"point_5",56
0.582589446654807,0.146762769409045,-0.792697193958432,"point_6",56
-0.215497318140143,1.11711828544694,1.1012754248759,"point_7",56
-0.12283992448842,0.301052854858975,-0.73171176113436,"point_8",56
0.0762452231518315,-1.33958654119199,-0.670160809551666,"point_0",57
-0.680293275820275,0.916218748882651,1.45610636633324,"point_1",57
-2.27105940824632,1.07297873987156,1.43119428386169,"point_2",57
1.13445357429778,-1.23580467062758,-0.521150008291773,"point_3",57
-1.48450388969049,1.12155274893622,1.40966557599131,"point_4",57
1.54091659043951,0.259675125545457,-0.672075866608592,"point_5",57
0.575216277452232,0.149668664661555,-0.793441124576008,"point_6",57
-0.225873393634863,1.12380197307251,1.10324377170567,"point_7",57
-0.134957006791835,0.313501666335609,-0.75156817590743,"point_8",57
0.0928972889476738,-1.33824364610629,-0.671588607839508,"point_0",58
-0.677520862722797,0.915564733325969,1.45600792950775,"point_1",58
-2.27281709171799,1.07229654873689,1.42918573141712,"point_2",58
1.13663226102263,-1.24071214338568,-0.528201643128646,"point_3",58
-1.47227467341652,1.11695805262611,1.41236883913973,"point_4",58
1.5489942289794,0.267598049473254,-0.692107951472327,"point_5",58
0.578210079779736,0.144621401216846,-0.796304802399305,"point_6",58
-0.183951046136535,1.12983617452633,1.10925670215616,"point_7",58
-0.136755012665873,0.311560412481911,-0.756418786602392,"point_8",58
0.0904766614773652,-1.32239730169784,-0.659722749086209,"point_0",59
-0.674951241025938,0.909388296117358,1.46135534895074,"point_1",59
-2.27423817801515,1.07521675708145,1.43030653156588,"point_2",59
1.14379887044603,-1.22506037775736,-0.519022167170345,"point_3",59
-1.46299406440448,1.13322611445725,1.4190777630424,"point_4",59
1.55319351339786,0.265740688317553,-0.687819018570673,"point_5",59
0.572381133319573,0.142826801261626,-0.79616434385637,"point_6",59
-0.179438299822194,1.13004405562431,1.10729268750953,"point_7",59
-0.141699700111803,0.312520579745678,-0.749288620558856,"point_8",59
0.0981851440996588,-1.31945932906626,-0.654987509016005,"point_0",60
-0.68822374615258,0.915833687901981,1.46413361945687,"point_1",60
-2.27871957702456,1.08086304185177,1.43308635133457,"point_2",60
1.12710458489307,-1.22877617992298,-0.525255763712965,"point_3",60
-1.45784014771051,1.12709886538439,1.42659307397117,"point_4",60
1.54869786883265,0.26938943346756,-0.686662097225631,"point_5",60
0.557916661992561,0.140251589151268,-0.791126429323125,"point_6",60
-0.203423925506153,1.12154601931483,1.08757270955819,"point_7",60
-0.136576183788425,0.30834641277955,-0.757376324829405,"point_8",60
0.0951038952212497,-1.32129350388019,-0.655768507352186,"point_0",61
-0.678609153161673,0.92197859425922,1.46787784425955,"point_1",61
-2.27654969027072,1.07553829401992,1.43002088747019,"point_2",61
1.11959820471247,-1.22937617200768,-0.536043263742745,"point_3",61
-1.44605960649695,1.1392664264421,1.44226837411817,"point_4",61
1.52837172392988,0.267982924405339,-0.674962183126617,"point_5",61
0.547271363970046,0.146666925578681,-0.81220930494474,"point_6",61
-0.197088897161387,1.12151159284929,1.08953399849269,"point_7",61
-0.134103992149889,0.30340292507334,-0.754379552408445,"point_8",61
0.0924876433576914,-1.33667941621649,-0.668735519785244,"point_0",62
-0.677476687665005,0.92553848006913,1.48370987553641,"point_1",62
-2.2768727588252,1.07576980949614,1.43078421059139,"point_2",62
1.12646347023604,-1.24413322037049,-0.544300042571534,"point_3",62
-1.45011531382069,1.14030607409146,1.44062366557725,"point_4",62
1.52869093068088,0.266202352061536,-0.680527483666989,"point_5",62
0.561410366983798,0.147691689363996,-0.795678940712681,"point_6",62
-0.233906528214328,1.12403963575936,1.09872746530721,"point_7",62
-0.129502851872436,0.308862005213604,-0.76493527049441,"point_8",62
0.0896536094934035,-1.3458969768032,-0.689317867908053,"point_0",63
-0.672936344685104,0.912271934397071,1.46715699561495,"point_1",63
-2.27975455395422,1.07863735315134,1.42986226580632,"point_2",63
1.12014645336833,-1.2556266954797,-0.543052763753393,"point_3",63
-1.45283719123201,1.13369177338012,1.43952610519317,"point_4",63
1.52951854278004,0.268955400865472,-0.681736027354391,"point_5",63
0.53670611853117,0.152421779391178,-0.810804222599063,"point_6",63
-0.161942086190594,1.13475395589379,1.10147851876619,"point_7",63
-0.126677410905778,0.314425508109238,-0.780560898539178,"point_8",63
0.0910333255858241,-1.35602827552567,-0.678026505359382,"point_0",64
-0.665704135127572,0.908913877500832,1.4630032045582,"point_1",64
-2.28066043025617,1.08031470001047,1.43246458720299,"point_2",64
1.12679394632804,-1.22721535767352,-0.488940821590352,"point_3",64
-1.45239937536606,1.13638414626003,1.44531112701424,"point_4",64
1.53065427491173,0.267868666515009,-0.673481590291221,"point_5",64
0.532372197251594,0.147160205353507,-0.80673883344577,"point_6",64
-0.172292770995423,1.13024034666704,1.09786650094757,"point_7",64
-0.121957287936112,0.316861305152932,-0.763634080659331,"point_8",64
0.0843224564774628,-1.35209747266521,-0.686042581103368,"point_0",65
-0.661396953076666,0.904738296164918,1.46924112810876,"point_1",65
-2.27963790805979,1.08036610728419,1.43769960982445,"point_2",65
1.15565236346409,-1.23419684708271,-0.475074372619709,"point_3",65
-1.46406868035128,1.1339289713217,1.44952274855305,"point_4",65
1.52708906153241,0.274962202320682,-0.684715736691243,"point_5",65
0.534967695109485,0.156122621808437,-0.806907464065049,"point_6",65
-0.200272920900853,1.13449510560032,1.09973310123609,"point_7",65
-0.141235666863386,0.312515982171589,-0.746017931833509,"point_8",65
0.0434771708542148,-1.35605900654791,-0.697990627362131,"point_0",66
-0.658180385301893,0.905058213912662,1.4600259165385,"point_1",66
-2.27571443317895,1.07537624007117,1.43672607556691,"point_2",66
1.16470412056775,-1.22685986371322,-0.475438986534097,"point_3",66
-1.46779955229668,1.130528552167,1.44178122226696,"point_4",66
1.52404712458318,0.274690421161148,-0.684889831751372,"point_5",66
0.537103243841773,0.144147619484194,-0.79367448099832,"point_6",66
-0.202528706550278,1.13327871582155,1.10168397632398,"point_7",66
-0.148401450499479,0.308508471387024,-0.712710708321923,"point_8",66
0.0384741823866571,-1.3424233191397,-0.707938761911443,"point_0",67
-0.662728335693492,0.905689608194546,1.46049978557849,"point_1",67
-2.27678339049192,1.07842952801567,1.43809754596229,"point_2",67
1.14455212277427,-1.22814041479271,-0.471100710112143,"point_3",67
-1.46017060237283,1.13371115203831,1.44020063230554,"point_4",67
1.52792740409562,0.277657036079569,-0.698455672437599,"point_5",67
0.528781298981693,0.136890425356212,-0.793154938469611,"point_6",67
-0.198196586314851,1.13164690760228,1.10089344904825,"point_7",67
-0.153234235644389,0.305309115434994,-0.719168749619248,"point_8",67
0.0468533831489835,-1.34611288754675,-0.673720608266077,"point_0",68
-0.662153876389643,0.914204873559816,1.46969858123481,"point_1",68
-2.27524233137365,1.07819898849089,1.440433192653,"point_2",68
1.12136924835554,-1.212711453115,-0.460888131284166,"point_3",68
-1.46997294667388,1.12602707517644,1.43758184574004,"point_4",68
1.5288076328827,0.276774163293896,-0.692681850574702,"point_5",68
0.530656517672701,0.134446613951452,-0.789670672614651,"point_6",68
-0.183800372542683,1.1425664230404,1.10409334601791,"point_7",68
-0.150337122046846,0.308943940596968,-0.709262071427827,"point_8",68
0.0415515787450444,-1.34891334109998,-0.666994960781301,"point_0",69
-0.659039549209088,0.91325974546554,1.47071883177581,"point_1",69
-2.27551812429918,1.08031484180402,1.44060146034738,"point_2",69
1.09876269554993,-1.2224157496168,-0.485575530262858,"point_3",69
-1.46810582596338,1.12071658691625,1.4421409739131,"point_4",69
1.53619629813059,0.274412331457937,-0.700806534585136,"point_5",69
0.523395471040118,0.149968294025607,-0.784669730755818,"point_6",69
-0.195147370551055,1.14689081195581,1.10177811352618,"point_7",69
-0.165026436014847,0.317779847849824,-0.694820645019557,"point_8",69
0.0574762448848388,-1.37143527620387,-0.660553357989362,"point_0",70
-0.657494285190916,0.919765741476438,1.48143808495777,"point_1",70
-2.27511061785297,1.07579558479227,1.43645808269869,"point_2",70
1.09647664161383,-1.22475336771034,-0.475098652948248,"point_3",70
-1.47444860924273,1.12748109666902,1.44200289061568,"point_4",70
1.53527588094826,0.270275729241409,-0.684632165731683,"point_5",70
0.521174843080268,0.146023620968723,-0.78641220850448,"point_6",70
-0.214827874160695,1.14356602164251,1.11334777547761,"point_7",70
-0.171606712581853,0.321237733421958,-0.698867479748216,"point_8",70
0.0469844067265987,-1.36099109051798,-0.674668333840217,"point_0",71
-0.659983510952326,0.917745064805652,1.47398627528661,"point_1",71
-2.27400486552785,1.07864854935477,1.43919556297298,"point_2",71
1.09897044326809,-1.2396138600719,-0.48688011408964,"point_3",71
-1.47403385045275,1.1233843491234,1.44422347985354,"point_4",71
1.53159614124797,0.271214768657414,-0.677924023136166,"point_5",71
0.520554637409544,0.146796062771945,-0.791305456490833,"point_6",71
-0.179811380889504,1.14484298601123,1.11091523307411,"point_7",71
-0.173811585827677,0.310924542597538,-0.690876871501351,"point_8",71
0.0282820279542859,-1.34378317668836,-0.685101259439911,"point_0",72
-0.664852630051695,0.915550686249109,1.4637798861618,"point_1",72
-2.27457526891506,1.07999415771092,1.4410649815759,"point_2",72
1.08419946749199,-1.25840553928517,-0.517906076795667,"point_3",72
-1.47138553605782,1.1220118043621,1.43648522344967,"point_4",72
1.53985841941215,0.274627240254281,-0.685706027606925,"point_5",72
0.510314336001896,0.159992394176776,-0.795338599000743,"point_6",72
-0.19807305804885,1.14627669066022,1.12155909638092,"point_7",72
-0.186722882068488,0.312135110630232,-0.686612359775327,"point_8",72
0.0204738528447596,-1.35149130807013,-0.683878160544062,"point_0",73
-0.662600992441192,0.920894861966805,1.46353686733709,"point_1",73
-2.27532509119641,1.08172220756853,1.44342052874741,"point_2",73
1.09058041419064,-1.26040235260187,-0.49735267985918,"point_3",73
-1.4783085172944,1.11176258793348,1.42746576971535,"point_4",73
1.54695592267103,0.276406778408346,-0.687787671009895,"point_5",73
0.513185680902603,0.154060842612211,-0.797782342180791,"point_6",73
-0.194819791004325,1.14301777053305,1.10763007581753,"point_7",73
-0.194979233712789,0.318574858600897,-0.681189875770156,"point_8",73
0.0150800456957654,-1.36236510202307,-0.678672814494066,"point_0",74
-0.673460706259143,0.925761304054792,1.46544258410515,"point_1",74
-2.27820240265594,1.08956904075682,1.44750019445643,"point_2",74
1.0753753768256,-1.2486590604919,-0.513125010612142,"point_3",74
-1.47625307901122,1.11915542717346,1.42464134776511,"point_4",74
1.54558697027195,0.282215549133916,-0.694756654972329,"point_5",74
0.509024410223954,0.146062715059093,-0.782375523797596,"point_6",74
-0.188424658739158,1.14465455584711,1.10599417198713,"point_7",74
-0.196249903109571,0.32556052930646,-0.708844598774365,"point_8",74
0.0214230345176791,-1.36482973007795,-0.684773132369325,"point_0",75
-0.672656769806701,0.924396442075877,1.46535419088441,"point_1",75
-2.27562100839333,1.08720868340055,1.44934558926847,"point_2",75
1.07071841413019,-1.26025500580075,-0.530948325482931,"point_3",75
-1.47179204744496,1.11265372141486,1.41059225162057,"point_4",75
1.5497806763412,0.281856870773734,-0.69876905074541,"point_5",75
0.506825569389833,0.144417321288596,-0.771719445441921,"point_6",75
-0.208836703290262,1.147204480861,1.09115330273123,"point_7",75
-0.193524576662325,0.325307863625658,-0.715423601017827,"point_8",75
-0.00651421079015191,-1.35412758760938,-0.695365756017154,"point_0",76
-0.679608887949551,0.93063380564496,1.46744805793296,"point_1",76
-2.26877576523766,1.07922328045877,1.44929614126182,"point_2",76
1.07074509156091,-1.260626969915,-0.53544834642763,"point_3",76
-1.47724957445858,1.11712914400703,1.41813013473363,"point_4",76
1.55588747981868,0.276547549269124,-0.704393994438,"point_5",76
0.517621312736007,0.15413678135791,-0.747581240622809,"point_6",76
-0.20288113485665,1.14343695175631,1.08690590093469,"point_7",76
-0.183188174423511,0.325325491828992,-0.723567980172206,"point_8",76
-0.00979458475944745,-1.33819013760148,-0.69183089918768,"point_0",77
-0.674708288781633,0.929117557816683,1.48239190691357,"point_1",77
-2.27347014574448,1.08306658355954,1.44792944470594,"point_2",77
1.09581795689558,-1.26924031694866,-0.53354558483023,"point_3",77
-1.46672993826832,1.12178091031131,1.41767998668255,"point_4",77
1.57371659138661,0.277121612222668,-0.720027356066437,"point_5",77
0.518284878051342,0.146172753754948,-0.746980998855334,"point_6",77
-0.214588648371944,1.14731444677365,1.09107396793009,"point_7",77
-0.172029575045067,0.326205726134506,-0.726094627621601,"point_8",77
0.0100988845023191,-1.36340267109868,-0.670340633353883,"point_0",78
-0.670473356728172,0.923884149727513,1.4778148756985,"point_1",78
-2.27642603727619,1.08547485109441,1.44941148451745,"point_2",78
1.08924358905301,-1.25982117993562,-0.532747702223306,"point_3",78
-1.46332827966628,1.11867527217572,1.42059370653996,"point_4",78
1.58444514074688,0.2781718841596,-0.713763318582894,"point_5",78
0.515457768556358,0.150464639802702,-0.744600269528191,"point_6",78
-0.230357826430996,1.14990992000541,1.08679419717846,"point_7",78
-0.166860195984245,0.324692035892941,-0.73423887381525,"point_8",78
0.0206632169100116,-1.3693267734095,-0.666590397245635,"point_0",79
-0.618608795498286,0.999008029515017,1.40142459398326,"point_1",79
-2.27309339459203,1.08157580283309,1.4494887098055,"point_2",79
1.08661663175752,-1.23483685767062,-0.52645168935573,"point_3",79
-1.47487058565137,1.11429811109825,1.40590415160772,"point_4",79
1.57949629969684,0.277098141657812,-0.712857112532677,"point_5",79
0.509978728062667,0.140647666856818,-0.736316638713279,"point_6",79
-0.0388816958832291,1.1317713022376,1.01711490677103,"point_7",79
-0.17510199057056,0.320480051133475,-0.736963094093787,"point_8",79
0.0548183250558408,-1.36054229092745,-0.66100464973486,"point_0",80
-0.626625757801326,1.00030405828405,1.39537992407835,"point_1",80
-2.26960941134331,1.07747939584176,1.44952848212039,"point_2",80
1.07122546656595,-1.22430187598996,-0.531348062955865,"point_3",80
-1.47009419217448,1.10935287009706,1.40393480552738,"point_4",80
1.57838098011811,0.277488801335666,-0.714628907783918,"point_5",80
0.50777057422596,0.133222373796786,-0.718478975065083,"point_6",80
-0.0139509342038575,1.12872999944348,1.00749820785026,"point_7",80
-0.187261865207521,0.319821292294935,-0.737837909908475,"point_8",80
0.0315918298633636,-1.35371402610358,-0.684847106965442,"point_0",81
-0.627135116561944,1.00137563664475,1.40127016384821,"point_1",81
-2.2637598861292,1.0708687668114,1.45085654634198,"point_2",81
1.08303511636683,-1.23235485457862,-0.522589321844046,"point_3",81
-1.48045082230378,1.11168236067965,1.39234903373753,"point_4",81
1.5735366720431,0.273663516685722,-0.705269913342855,"point_5",81
0.508716623156384,0.140307085331854,-0.735163363738336,"point_6",81
-0.00522056183616748,1.12339080815426,0.995377256274223,"point_7",81
-0.191481988866843,0.320849736246843,-0.723545892838546,"point_8",81
0.0591500391209517,-1.34466899382322,-0.676267805047296,"point_0",82
-0.621033595105135,1.00318839722713,1.39934120979912,"point_1",82
-2.26535965061625,1.0707925969762,1.44901869675945,"point_2",82
1.10774604795322,-1.22282522429872,-0.50693862790033,"point_3",82
-1.48052820822453,1.10763750245376,1.40116464040473,"point_4",82
1.57753990827111,0.274604192173617,-0.71462657825146,"point_5",82
0.48793848257292,0.150253777291188,-0.729733717474732,"point_6",82
0.00964375674670188,1.12037063153338,0.986363106584541,"point_7",82
-0.18835888783192,0.321441759277269,-0.729874365731019,"point_8",82
0.0266751272740804,-1.35157665540301,-0.664508992341043,"point_0",83
-0.619241819897137,1.00229821365866,1.39519033781119,"point_1",83
-2.27093303372455,1.07299218786481,1.44365355228516,"point_2",83
1.09314025612033,-1.22298444641184,-0.528639630856332,"point_3",83
-1.47243059623452,1.11074002022104,1.40119067013347,"point_4",83
1.57490241205902,0.275739495843271,-0.713952461230013,"point_5",83
0.485674345508604,0.154962802540392,-0.728510168622795,"point_6",83
0.0128730148203563,1.11376341992561,0.980898779304338,"point_7",83
-0.180181517213251,0.311871146739297,-0.721418869768165,"point_8",83
0.0271525668559675,-1.36339714838596,-0.665018858191793,"point_0",84
-0.61508059947314,0.99735355769738,1.3937094101338,"point_1",84
-2.26996460482376,1.07544569397038,1.44547107353827,"point_2",84
1.09387789543996,-1.22844620729149,-0.522859160920758,"point_3",84
-1.47425316121688,1.11088426412886,1.39224703067214,"point_4",84
1.5755370668107,0.270573378680386,-0.720558563610972,"point_5",84
0.473543996140784,0.150692323655231,-0.711244244510598,"point_6",84
0.00375654771269178,1.10554979279594,0.962658690012168,"point_7",84
-0.168249741876918,0.322220667939903,-0.741974092514779,"point_8",84
0.0170707298021706,-1.34533458311183,-0.690424365358227,"point_0",85
-0.608544641494894,1.00555321586595,1.38010546613863,"point_1",85
-2.27063041535718,1.07666580312061,1.44709380463417,"point_2",85
1.09100590299185,-1.21541363410983,-0.510704957364998,"point_3",85
-1.47766520900507,1.11080503736854,1.3734013971245,"point_4",85
1.57698773426417,0.269542430969322,-0.724903253822747,"point_5",85
0.476152887114574,0.150157005704382,-0.720569961719709,"point_6",85
0.023282952546925,1.09904885381832,0.95680423581923,"point_7",85
-0.17332641206527,0.322295001115814,-0.742345632082583,"point_8",85
0.029432819784839,-1.35355281534167,-0.67257879734359,"point_0",86
-0.612270385910465,1.00254981765632,1.36331427500722,"point_1",86
-2.27349035661979,1.07995889715688,1.44621692741711,"point_2",86
1.09813258294482,-1.22237736328176,-0.495032721286583,"point_3",86
-1.47961219475546,1.12109600843706,1.37664897531668,"point_4",86
1.56665786687566,0.262159171979756,-0.696191743446542,"point_5",86
0.487780032501834,0.14220540816453,-0.712600176620363,"point_6",86
0.0287633699865249,1.09584931376721,0.955597304909467,"point_7",86
-0.183190397216751,0.326845002544426,-0.7461021408142,"point_8",86
0.0636698791019515,-1.36148998227283,-0.652640843699832,"point_0",87
-0.620452906554648,1.00470165203154,1.3709168909513,"point_1",87
-2.27693456434162,1.08423787968071,1.44669631531455,"point_2",87
1.10591180394624,-1.23355244889021,-0.513131066995155,"point_3",87
-1.48894898011616,1.11965314761757,1.37692688132466,"point_4",87
1.56701370506907,0.262616930567091,-0.692454494926187,"point_5",87
0.47438030001891,0.149108061294724,-0.708256953862978,"point_6",87
0.0572717627505042,1.09451885095063,0.960513719224807,"point_7",87
-0.182403382367638,0.326214084521932,-0.749215683145193,"point_8",87
0.0652562033752405,-1.35075075915029,-0.651023545642275,"point_0",88
-0.620458421068353,0.997814554711833,1.38722240043469,"point_1",88
-2.27457210324563,1.08724808252631,1.45090092822289,"point_2",88
1.09358990890295,-1.2379245376934,-0.51618120018216,"point_3",88
-1.49887476871466,1.11535754508886,1.38415626610017,"point_4",88
1.56180449461004,0.258455039332429,-0.672705551995648,"point_5",88
0.49481707137517,0.152436827448955,-0.714915471984894,"point_6",88
0.0736483856204482,1.09324497313876,0.961951522940634,"point_7",88
-0.179598801416969,0.321366240689493,-0.749925864055579,"point_8",88
0.078129458667417,-1.35867219737689,-0.647984831450959,"point_0",89
-0.619064789118258,0.993319840337732,1.39949862079092,"point_1",89
-2.27549215800749,1.08593906609414,1.44739217818598,"point_2",89
1.13076387016406,-1.22901343574127,-0.526670712023512,"point_3",89
-1.49872223955892,1.11984721399748,1.39033050022147,"point_4",89
1.55918312271243,0.258769641002554,-0.675133329423927,"point_5",89
0.487135493089414,0.152406109388634,-0.715040576426497,"point_6",89
0.109165966806373,1.09541354419764,0.955693726469511,"point_7",89
-0.181584672649203,0.313670745404525,-0.743186652503757,"point_8",89
0.104760305434241,-1.36470626385683,-0.642121905077954,"point_0",90
-0.612578628606243,1.00010003853556,1.4012494558519,"point_1",90
-2.27375452180642,1.08167212605442,1.44492945596866,"point_2",90
1.13127215564437,-1.2356639592772,-0.519918567355152,"point_3",90
-1.4873981756969,1.11807936135965,1.38938030855285,"point_4",90
1.5586587318277,0.258713791957122,-0.678509491190712,"point_5",90
0.48652312583694,0.162087179139768,-0.738626659568996,"point_6",90
0.141817214033737,1.08204850903917,0.944765216642949,"point_7",90
-0.176315488777528,0.300485857350351,-0.723376080272351,"point_8",90
0.0535505137438848,-1.36247370636464,-0.668193074777089,"point_0",91
-0.610023231658023,0.998613280363485,1.3969426264922,"point_1",91
-2.27825746658823,1.08904072734446,1.44642806461844,"point_2",91
1.100105987899,-1.24167478953248,-0.531785469045474,"point_3",91
-1.48372396355193,1.12085945012314,1.39820887982656,"point_4",91
1.54083633516931,0.262919724450703,-0.678555588857622,"point_5",91
0.482288841741639,0.165455207578665,-0.756472032554807,"point_6",91
0.147454372674095,1.08021361857109,0.930543882428863,"point_7",91
-0.173940211743718,0.299897113112583,-0.718240447490523,"point_8",91
0.060912831161043,-1.37617451164219,-0.64016736387864,"point_0",92
-0.61126843310593,1.0023301841046,1.40794420662371,"point_1",92
-2.27657440864909,1.0877412092371,1.44962021276037,"point_2",92
1.09326935292875,-1.22640116555592,-0.545859046616778,"point_3",92
-1.4769703795533,1.11605659838487,1.40205511472754,"point_4",92
1.54061967802064,0.261906178630413,-0.678247262825652,"point_5",92
0.486713259151744,0.168573435875939,-0.73529671452725,"point_6",92
0.152028793122576,1.07780917336245,0.930611400743186,"point_7",92
-0.160958568034897,0.29699376690552,-0.718884324328301,"point_8",92
0.0825039315679965,-1.39173721763129,-0.633703211578456,"point_0",93
-0.610840119273672,1.0006699036606,1.41103144809747,"point_1",93
-2.27886795519489,1.09410303124431,1.45181053376835,"point_2",93
1.09847706830209,-1.21750853313997,-0.532113861258763,"point_3",93
-1.48657232225338,1.11369289787698,1.40721292869912,"point_4",93
1.54887222307889,0.263338746181556,-0.69977502397288,"point_5",93
0.485486903274174,0.162853235544896,-0.742123126153384,"point_6",93
0.176172540777023,1.0806066255379,0.932746780118503,"point_7",93
-0.156261783440712,0.300750804056796,-0.737051052427209,"point_8",93
0.0856081780369405,-1.39838374765107,-0.634111515757659,"point_0",94
-0.617916833369698,1.00393137557167,1.39509831502997,"point_1",94
-2.27826343777512,1.09289685821725,1.45053579799039,"point_2",94
1.08640043645801,-1.22526230852333,-0.533750420726488,"point_3",94
-1.49111134590586,1.10612726293204,1.39961218656796,"point_4",94
1.53900227140254,0.258569937201028,-0.680299988186511,"point_5",94
0.475073005253725,0.171381093229703,-0.748143256600452,"point_6",94
0.180829763648517,1.07837862267255,0.933311340823254,"point_7",94
-0.158568007073536,0.297101746529694,-0.736873300941317,"point_8",94
0.0901800464756897,-1.40378201811603,-0.635951108585834,"point_0",95
-0.629623876611787,1.00773389018381,1.39644568655526,"point_1",95
-2.28114355415697,1.0979703838205,1.45696906886545,"point_2",95
1.08038606740991,-1.21940516760743,-0.549558737218838,"point_3",95
-1.49072459991018,1.10398482105821,1.4011530841425,"point_4",95
1.53888217550409,0.260372542045069,-0.676138412904064,"point_5",95
0.473932512709065,0.161035151306397,-0.748379388949423,"point_6",95
0.169410128295467,1.06944486291946,0.918592186375523,"point_7",95
-0.157442053551133,0.299659032634176,-0.736189927826564,"point_8",95
0.128386906896284,-1.37991279553781,-0.628523659923724,"point_0",96
-0.62955551940063,1.00287480898949,1.38579963621267,"point_1",96
-2.28039640759645,1.09961619242919,1.46093983236287,"point_2",96
1.10011625026177,-1.2264835829941,-0.545083999900047,"point_3",96
-1.48909350227633,1.10376939599798,1.40028165725913,"point_4",96
1.53488934145842,0.261822662576638,-0.685300010948944,"point_5",96
0.482987180535885,0.142148543711607,-0.747913008600962,"point_6",96
0.176085491975144,1.06760261377648,0.916201297634789,"point_7",96
-0.150840640995802,0.299573654164163,-0.741840414328511,"point_8",96
0.10885854921503,-1.37563173190573,-0.632845034168663,"point_0",97
-0.618342187003613,1.00227770057665,1.39484197769309,"point_1",97
-2.27787972692489,1.09705421727653,1.46250729608853,"point_2",97
1.09366062809283,-1.22709484212522,-0.538788155847053,"point_3",97
-1.46980463270618,1.11838980021492,1.40453679691447,"point_4",97
1.53791262090786,0.258183354455079,-0.68437200408739,"point_5",97
0.483137286152887,0.127598461016351,-0.724807611608687,"point_6",97
0.20971484419514,1.0601201983134,0.907969478585883,"point_7",97
-0.147346095261976,0.29608868676448,-0.743539780252182,"point_8",97
0.0906445487871697,-1.38711635542387,-0.6077148223994,"point_0",98
-0.616858451265262,1.00090393375285,1.3983614392527,"point_1",98
-2.27719247328117,1.09584552495259,1.46112786478571,"point_2",98
1.11621940308524,-1.21705675996328,-0.50438604199369,"point_3",98
-1.46438838271221,1.11439628667368,1.40444202895371,"point_4",98
1.55050590699432,0.255990585581327,-0.711140419457152,"point_5",98
0.484527644558668,0.123921417207437,-0.731829110269889,"point_6",98
0.214256731983667,1.0587432266196,0.906182440794137,"point_7",98
-0.146528282496816,0.292787794396242,-0.747193254686683,"point_8",98
0.0950701042877924,-1.37737804301338,-0.62670709709925,"point_0",99
-0.612873146835817,1.00755151674758,1.40186315455457,"point_1",99
-2.27864217649427,1.09847287228305,1.46451799661384,"point_2",99
1.11813874868617,-1.2085633187902,-0.502277935692764,"point_3",99
-1.45952883337866,1.10850299591092,1.39477935035312,"point_4",99
1.54750749643771,0.258574258777311,-0.713325955877402,"point_5",99
0.490955218653377,0.125061111432462,-0.721386250945296,"point_6",99
0.202037770903653,1.0541696581229,0.897302325592021,"point_7",99
-0.143407109126443,0.289847665713391,-0.738975085088678,"point_8",99
0.0848062902824259,-1.38501581093368,-0.62476917641264,"point_0",100
-0.602577345836141,1.00285765955314,1.32175071162603,"point_1",100
-2.27974279915292,1.10672327603819,1.46790802315802,"point_2",100
1.10549505511818,-1.21708842191359,-0.500482734506552,"point_3",100
-1.45851928796075,1.10034397361036,1.39160232462962,"point_4",100
1.55411335105493,0.26288217502169,-0.713128455978858,"point_5",100
0.498704698284619,0.128078857108876,-0.721790719171053,"point_6",100
0.520032668724696,1.09520295018945,1.07395100567513,"point_7",100
-0.139407633587238,0.288779723243052,-0.734698600205794,"point_8",100
